{"train/decode.loss_ce": 0.9012565863132477, "train/decode.acc_seg": 59.786459579467774, "train/loss": 0.9012565863132477, "learning_rate": 0.00998908458117109, "momentum": 0.9, "_runtime": 61, "_timestamp": 1634807409, "_step": 50, "_wandb": {"runtime": 93}}