{"train/decode.loss_ce": 0.14551299773156642, "train/decode.acc_seg": 81.70538864135742, "train/loss": 0.14551299773156642, "learning_rate": 0.008732302451378246, "momentum": 0.9, "_runtime": 6047, "_timestamp": 1634814667, "_step": 5650}